{
    "TTtoLNu2Q" : 762.1,
    "TTto2L2Nu" : 762.1,
    "TTto4Q" : 762.1,
    "WZto2L2Q" : 7.568,
    "WZto3LNu" : 4.924,
    "WZtoLNu2Q" : 15.87,
    "ZZto2L2Nu" : 1.031,
    "ZZto2L2Q" : 6.788,
    "ZZto2Nu2Q" : 4.826,
    "ZZto4L" : 1.390,
    "WWto2L2Nu" : 11.79,
    "WWto4Q" : 50.79,
    "WWtoLNu2Q" : 48.94,
    "QCD_PT-120to170" : 441700,
    "QCD_PT-170to300" : 116000,
    "QCD_PT-300to470" : 7668,
    "QCD_PT-470to600" : 618.1,
    "QCD_PT-600to800": 178,
    "QCD_PT-800to1000": 30.67,
    "QCD_PT-1000to1400":  9.024,
    "QCD_PT-1400to1800": 0.8037,
    "QCD_PT-1800to2400" : 0.1154,
    "QCD_PT-2400to3200": 0.007721,
    "QCD_PT-3200": 0.0002314,
    "Zto2Q-4Jets_HT-200to400" : 1111,
    "Zto2Q-4Jets_HT-400to600" : 124.3,
    "Zto2Q-4Jets_HT-600to800" : 27.89,
    "Zto2Q-4Jets_HT-800" : 14.53,
    "Wto2Q-3Jets_HT-200to400" : 2787,
    "Wto2Q-3Jets_HT-400to600" : 297.9,
    "Wto2Q-3Jets_HT-600to800" : 65.95,
    "Wto2Q-3Jets_HT-800" : 32.20,
    "GluGluHto2B_PT-200_M-125" : 0.5246,
    "ggZH_Hto2B_Zto2L_M-125" : 0.006838,
    "ggZH_Hto2B_Zto2Nu_M-125": 0.01351,
    "ggZH_Hto2B_Zto2Q_M-125": 0.04776,
    "ttHto2B_M-125": 0.5742,
    "VBFHto2B_M-125_dipoleRecoilOn" : 4.180,
    "WminusH_Hto2B_Wto2Q_M-125": 0.3918,
    "WminusH_Hto2B_WtoLNu_M-125": 0.1886,
    "WplusH_Hto2B_Wto2Q_M-125": 0.6228,
    "WplusH_Hto2B_WtoLNu_M-125": 0.3000,
    "ZH_Hto2B_Zto2L_M-125": 0.08545,
    "ZH_Hto2B_Zto2Q_M-125": 0.5958
}